number,createdAt
21346,2025-06-03T07:00:22Z
21328,2025-05-27T15:00:34Z
21320,2025-05-22T19:16:46Z
21319,2025-05-22T14:54:22Z
21306,2025-05-20T08:39:31Z
21301,2025-05-18T16:43:28Z
21300,2025-05-18T09:06:37Z
21289,2025-05-16T05:07:09Z
21284,2025-05-14T19:38:54Z
21276,2025-05-12T08:25:47Z
21272,2025-05-10T13:25:43Z
21268,2025-05-09T01:31:39Z
21258,2025-05-07T09:47:03Z
21255,2025-05-06T09:07:57Z
21228,2025-04-30T09:53:56Z
21208,2025-04-24T17:39:45Z
21207,2025-04-24T15:38:15Z
21201,2025-04-22T20:28:46Z
21183,2025-04-18T11:50:45Z
21173,2025-04-16T05:49:08Z
21172,2025-04-16T01:40:58Z
21169,2025-04-15T17:54:29Z
21167,2025-04-15T02:57:53Z
21166,2025-04-15T00:58:13Z
21158,2025-04-11T20:34:34Z
21155,2025-04-11T08:58:10Z
21154,2025-04-11T08:51:12Z
21151,2025-04-10T14:18:09Z
21147,2025-04-09T18:49:20Z
21143,2025-04-07T21:02:21Z
21133,2025-04-04T17:18:23Z
21131,2025-04-04T05:50:03Z
21126,2025-04-03T07:05:31Z
21123,2025-04-02T12:09:10Z
21121,2025-04-02T08:56:48Z
21120,2025-04-02T08:02:23Z
21119,2025-04-02T07:53:58Z
21118,2025-04-02T07:45:28Z
21116,2025-04-02T07:09:30Z
21115,2025-04-01T13:14:56Z
21112,2025-03-31T21:01:34Z
21110,2025-03-30T14:59:52Z
21109,2025-03-30T10:39:11Z
21108,2025-03-29T16:23:09Z
21107,2025-03-28T23:10:06Z
21105,2025-03-28T15:29:09Z
21103,2025-03-28T07:03:21Z
21097,2025-03-27T10:23:33Z
21096,2025-03-27T08:20:14Z
21089,2025-03-25T11:28:16Z
21088,2025-03-25T07:34:27Z
21069,2025-03-19T16:58:31Z
21068,2025-03-19T16:44:36Z
21065,2025-03-19T10:30:58Z
21061,2025-03-18T21:13:30Z
21054,2025-03-17T18:30:52Z
21052,2025-03-17T16:51:37Z
21047,2025-03-16T20:54:16Z
21035,2025-03-15T00:17:44Z
21025,2025-03-13T17:15:56Z
21009,2025-03-10T16:56:38Z
21004,2025-03-07T19:58:17Z
20997,2025-03-06T21:45:58Z
20992,2025-03-06T08:56:51Z
20985,2025-03-05T09:30:06Z
20984,2025-03-05T07:23:22Z
20979,2025-03-02T18:46:41Z
20966,2025-02-26T12:58:20Z
20963,2025-02-26T00:27:24Z
20955,2025-02-24T21:04:34Z
20953,2025-02-24T13:52:06Z
20949,2025-02-23T21:50:11Z
20936,2025-02-20T22:10:41Z
20931,2025-02-20T12:11:14Z
20920,2025-02-18T05:20:12Z
20918,2025-02-17T23:11:18Z
20914,2025-02-17T11:29:40Z
20904,2025-02-14T08:30:26Z
20893,2025-02-12T18:06:23Z
20887,2025-02-09T16:48:19Z
20878,2025-02-08T04:01:45Z
20876,2025-02-07T21:21:33Z
20875,2025-02-07T15:43:52Z
20861,2025-02-05T15:14:14Z
20860,2025-02-05T13:10:48Z
20857,2025-02-04T11:08:42Z
20848,2025-02-03T10:33:09Z
20841,2025-02-01T19:31:00Z
20833,2025-01-31T12:51:41Z
20830,2025-01-31T06:13:11Z
20826,2025-01-29T22:26:25Z
20813,2025-01-26T14:39:44Z
20809,2025-01-24T09:58:16Z
20806,2025-01-23T20:16:19Z
20804,2025-01-23T17:35:53Z
20795,2025-01-22T12:05:59Z
20789,2025-01-20T14:06:41Z
20788,2025-01-20T13:41:48Z
20780,2025-01-17T23:32:17Z
20773,2025-01-16T17:25:01Z
20764,2025-01-15T13:05:42Z
20763,2025-01-15T09:09:15Z
20754,2025-01-13T18:50:37Z
20746,2025-01-10T07:06:11Z
20726,2025-01-05T14:43:35Z
20724,2025-01-04T19:51:32Z
20719,2025-01-03T16:29:52Z
20715,2025-01-02T19:30:37Z
20706,2024-12-31T20:46:49Z
20686,2024-12-24T16:30:40Z
20676,2024-12-20T16:55:08Z
20654,2024-12-17T12:49:54Z
20645,2024-12-13T20:53:42Z
20627,2024-12-11T05:51:31Z
20618,2024-12-10T05:12:34Z
20616,2024-12-10T02:20:47Z
20611,2024-12-09T10:35:48Z
20608,2024-12-08T15:18:28Z
20605,2024-12-06T12:31:08Z
20601,2024-12-05T22:03:59Z
20598,2024-12-05T09:10:31Z
20596,2024-12-05T06:41:41Z
20591,2024-12-04T13:16:53Z
20588,2024-12-04T06:51:29Z
20585,2024-12-04T01:13:51Z
20582,2024-12-03T10:19:40Z
20581,2024-12-03T09:18:19Z
20579,2024-12-02T16:41:55Z
20576,2024-12-02T06:42:20Z
20574,2024-12-01T17:26:27Z
20573,2024-12-01T12:50:32Z
20548,2024-11-26T05:30:25Z
20542,2024-11-23T21:29:58Z
20538,2024-11-22T22:37:19Z
20536,2024-11-22T19:49:14Z
20517,2024-11-19T20:18:15Z
20490,2024-11-13T09:56:49Z
20485,2024-11-12T09:13:58Z
20483,2024-11-12T01:53:03Z
20479,2024-11-11T11:00:56Z
20475,2024-11-08T23:10:43Z
20474,2024-11-08T17:19:38Z
20463,2024-11-07T05:57:29Z
20459,2024-11-07T00:48:53Z
20449,2024-11-05T07:18:28Z
20440,2024-11-02T06:02:32Z
20429,2024-10-30T18:23:07Z
20423,2024-10-29T03:37:36Z
20415,2024-10-26T02:14:27Z
20409,2024-10-25T08:39:17Z
20408,2024-10-25T07:37:16Z
20407,2024-10-25T02:59:39Z
20402,2024-10-24T11:31:37Z
20394,2024-10-22T15:03:50Z
20393,2024-10-22T14:12:25Z
20391,2024-10-22T10:35:49Z
20388,2024-10-21T21:37:52Z
20381,2024-10-18T18:08:11Z
20376,2024-10-18T04:33:50Z
20375,2024-10-18T00:47:47Z
20373,2024-10-17T17:00:57Z
20366,2024-10-16T19:27:32Z
20359,2024-10-15T17:53:16Z
20350,2024-10-14T10:15:25Z
20346,2024-10-13T00:05:18Z
20344,2024-10-12T15:57:39Z
20342,2024-10-12T13:15:50Z
20339,2024-10-11T20:15:50Z
20329,2024-10-07T12:49:16Z
20323,2024-10-04T18:38:23Z
20322,2024-10-04T13:11:38Z
20318,2024-10-02T13:35:46Z
20314,2024-10-01T22:48:18Z
20310,2024-10-01T06:07:18Z
20309,2024-10-01T00:09:04Z
20308,2024-09-30T19:52:33Z
20307,2024-09-30T16:50:04Z
20299,2024-09-27T14:15:16Z
20297,2024-09-27T11:44:15Z
20294,2024-09-26T10:34:21Z
20287,2024-09-25T12:30:17Z
20282,2024-09-24T05:09:10Z
20279,2024-09-23T14:31:25Z
20276,2024-09-21T22:16:22Z
20274,2024-09-20T06:20:02Z
20273,2024-09-20T02:47:20Z
20271,2024-09-19T17:23:53Z
20260,2024-09-16T14:50:50Z
20259,2024-09-15T07:32:16Z
20256,2024-09-13T12:47:36Z
20236,2024-09-09T05:41:53Z
20235,2024-09-09T05:07:52Z
20226,2024-09-07T06:25:47Z
20221,2024-09-06T11:26:42Z
20220,2024-09-06T08:54:49Z
20219,2024-09-06T08:52:04Z
20218,2024-09-06T06:42:21Z
20214,2024-09-05T09:12:36Z
20212,2024-09-04T22:46:40Z
20210,2024-09-04T16:58:15Z
20203,2024-09-03T19:36:05Z
20191,2024-08-30T22:55:19Z
20188,2024-08-29T19:24:45Z
20180,2024-08-29T05:29:35Z
20178,2024-08-28T14:15:56Z
20177,2024-08-28T12:57:12Z
20173,2024-08-27T09:53:47Z
20166,2024-08-26T17:58:48Z
20165,2024-08-26T16:17:56Z
20164,2024-08-26T14:54:31Z
20153,2024-08-23T01:47:39Z
20147,2024-08-22T12:45:14Z
20143,2024-08-21T15:26:20Z
20136,2024-08-19T19:33:43Z
20128,2024-08-15T23:29:07Z
20119,2024-08-14T10:23:25Z
20118,2024-08-14T08:42:59Z
20116,2024-08-13T08:38:45Z
20115,2024-08-13T07:08:48Z
20108,2024-08-10T13:12:49Z
20104,2024-08-09T15:32:39Z
20098,2024-08-08T08:32:19Z
20096,2024-08-08T04:29:39Z
20095,2024-08-07T19:58:20Z
20094,2024-08-07T14:08:57Z
20092,2024-08-07T00:34:01Z
20086,2024-08-02T18:22:33Z
20084,2024-08-02T12:05:50Z
20081,2024-08-01T21:36:25Z
20074,2024-07-31T22:26:09Z
20072,2024-07-31T18:35:45Z
20070,2024-07-31T13:32:40Z
20067,2024-07-30T16:21:25Z
20063,2024-07-30T00:44:05Z
20060,2024-07-29T13:32:40Z
20048,2024-07-26T14:59:47Z
20036,2024-07-23T19:51:29Z
20032,2024-07-23T13:16:49Z
20027,2024-07-22T15:16:32Z
20019,2024-07-20T06:41:25Z
20012,2024-07-19T12:50:14Z
20011,2024-07-19T09:57:55Z
20006,2024-07-17T16:13:14Z
20004,2024-07-17T12:50:52Z
20001,2024-07-16T18:06:22Z
19999,2024-07-16T16:14:26Z
19996,2024-07-15T23:19:36Z
19995,2024-07-15T21:06:42Z
19991,2024-07-15T13:58:12Z
19990,2024-07-15T08:32:51Z
19985,2024-07-14T13:26:26Z
19982,2024-07-12T21:22:38Z
19977,2024-07-11T11:56:01Z
19970,2024-07-10T09:57:58Z
19964,2024-07-08T08:11:19Z
19952,2024-07-03T14:41:51Z
19932,2024-06-28T06:37:30Z
19930,2024-06-27T13:34:32Z
19925,2024-06-26T16:33:01Z
19921,2024-06-26T11:58:37Z
19919,2024-06-26T01:49:15Z
19913,2024-06-25T09:36:11Z
19906,2024-06-23T11:28:26Z
19898,2024-06-21T14:12:37Z
19894,2024-06-21T07:58:33Z
19891,2024-06-20T19:53:49Z
19888,2024-06-20T13:27:15Z
19886,2024-06-20T03:24:49Z
19884,2024-06-19T19:11:41Z
19878,2024-06-19T03:58:37Z
19876,2024-06-18T19:21:22Z
19875,2024-06-18T15:08:34Z
19874,2024-06-18T12:48:41Z
19870,2024-06-18T02:25:15Z
19868,2024-06-17T20:55:17Z
19855,2024-06-14T14:59:39Z
19848,2024-06-12T23:25:39Z
19839,2024-06-11T18:15:55Z
19836,2024-06-11T13:21:25Z
19828,2024-06-10T17:27:11Z
19817,2024-06-07T15:43:48Z
19816,2024-06-07T07:49:03Z
19815,2024-06-07T02:27:53Z
19813,2024-06-06T22:11:43Z
19811,2024-06-06T07:06:17Z
19803,2024-06-04T12:18:16Z
19797,2024-06-03T14:10:52Z
19795,2024-06-03T13:09:07Z
19780,2024-05-31T01:23:31Z
19779,2024-05-30T21:06:38Z
19776,2024-05-29T15:13:16Z
19772,2024-05-29T00:07:25Z
19771,2024-05-28T23:43:42Z
19770,2024-05-28T21:14:11Z
19769,2024-05-28T19:22:14Z
19754,2024-05-24T08:35:33Z
19740,2024-05-21T18:40:53Z
19726,2024-05-17T12:12:40Z
19725,2024-05-17T07:16:30Z
19724,2024-05-17T06:27:49Z
19723,2024-05-17T03:59:36Z
19722,2024-05-17T03:07:32Z
19721,2024-05-17T02:43:31Z
19717,2024-05-15T04:24:09Z
19701,2024-05-10T04:30:17Z
19689,2024-05-08T08:10:48Z
19687,2024-05-08T00:52:06Z
19677,2024-05-06T18:46:41Z
19662,2024-05-03T14:33:43Z
19642,2024-04-30T03:50:21Z
19639,2024-04-29T18:43:04Z
19637,2024-04-29T07:27:56Z
19623,2024-04-26T15:33:24Z
19615,2024-04-25T17:08:28Z
19601,2024-04-23T17:10:36Z
19596,2024-04-23T12:47:51Z
19591,2024-04-23T02:56:36Z
19587,2024-04-22T16:11:24Z
19583,2024-04-22T10:37:50Z
19582,2024-04-22T09:51:25Z
19577,2024-04-21T04:43:33Z
19565,2024-04-19T21:21:55Z
19561,2024-04-19T16:21:59Z
19539,2024-04-17T18:57:43Z
19503,2024-04-12T21:09:13Z
19496,2024-04-11T16:02:35Z
19479,2024-04-10T20:19:50Z
19445,2024-04-04T18:29:53Z
19441,2024-04-04T14:57:11Z
19436,2024-04-03T22:47:21Z
19433,2024-04-03T13:32:57Z
19425,2024-04-02T20:48:52Z
19423,2024-04-02T20:20:35Z
19411,2024-04-01T07:58:23Z
19407,2024-03-29T21:03:53Z
19403,2024-03-29T13:34:45Z
19402,2024-03-29T08:40:56Z
19398,2024-03-28T18:55:38Z
19396,2024-03-28T16:55:27Z
19395,2024-03-28T15:02:54Z
19392,2024-03-27T23:16:00Z
19389,2024-03-27T09:17:11Z
19381,2024-03-26T06:43:52Z
19375,2024-03-25T12:15:51Z
19374,2024-03-25T10:40:29Z
19372,2024-03-25T08:01:30Z
19371,2024-03-25T07:24:36Z
19367,2024-03-24T05:52:10Z
19361,2024-03-22T22:09:20Z
19357,2024-03-22T08:59:55Z
19348,2024-03-21T07:48:05Z
19346,2024-03-21T02:12:02Z
19345,2024-03-20T23:51:21Z
19340,2024-03-20T09:54:39Z
19339,2024-03-20T07:04:07Z
19337,2024-03-20T01:57:33Z
19333,2024-03-19T09:44:30Z
19328,2024-03-18T21:32:03Z
19326,2024-03-18T12:12:33Z
19325,2024-03-18T04:09:58Z
19324,2024-03-18T02:55:15Z
19317,2024-03-15T17:34:33Z
19314,2024-03-15T11:50:55Z
19305,2024-03-13T20:16:27Z
19304,2024-03-13T18:31:37Z
19301,2024-03-13T11:31:04Z
19291,2024-03-12T07:59:54Z
19290,2024-03-12T06:51:27Z
19285,2024-03-11T18:08:27Z
19283,2024-03-11T13:08:47Z
19280,2024-03-11T08:23:36Z
19277,2024-03-10T14:52:31Z
19274,2024-03-09T06:55:54Z
19270,2024-03-08T15:50:45Z
19268,2024-03-08T13:50:40Z
19264,2024-03-07T07:51:11Z
19261,2024-03-07T03:01:31Z
19259,2024-03-06T11:10:58Z
19257,2024-03-05T23:52:57Z
19255,2024-03-05T15:02:08Z
19251,2024-03-03T22:52:35Z
19249,2024-03-02T17:58:16Z
19246,2024-03-01T19:32:44Z
19245,2024-03-01T19:03:45Z
19239,2024-02-28T14:55:59Z
19237,2024-02-28T09:25:03Z
19231,2024-02-26T12:24:16Z
19226,2024-02-25T08:08:13Z
19223,2024-02-24T18:41:54Z
19197,2024-02-19T11:26:32Z
19191,2024-02-16T22:57:36Z
19183,2024-02-15T19:48:02Z
19179,2024-02-14T21:03:22Z
19164,2024-02-09T18:11:16Z
19156,2024-02-07T02:10:27Z
19155,2024-02-06T23:36:58Z
19153,2024-02-06T13:05:00Z
19151,2024-02-05T18:18:06Z
19150,2024-02-05T08:30:51Z
19149,2024-02-05T07:52:01Z
19148,2024-02-05T07:05:36Z
19145,2024-02-04T22:37:10Z
19140,2024-02-02T16:01:12Z
19134,2024-02-01T22:02:55Z
19132,2024-02-01T21:26:06Z
19124,2024-01-31T15:55:08Z
19116,2024-01-30T05:42:09Z
19108,2024-01-26T16:46:42Z
19103,2024-01-25T18:48:57Z
19100,2024-01-25T12:04:54Z
19089,2024-01-23T18:10:14Z
19085,2024-01-22T18:27:06Z
19081,2024-01-22T08:11:26Z
19077,2024-01-21T19:16:07Z
19073,2024-01-19T23:47:02Z
19067,2024-01-18T16:14:17Z
19064,2024-01-17T16:06:21Z
19063,2024-01-17T05:01:51Z
19061,2024-01-16T09:53:52Z
19059,2024-01-15T22:02:43Z
19053,2024-01-12T14:18:45Z
19045,2024-01-10T01:13:51Z
19039,2024-01-08T09:51:16Z
19038,2024-01-08T09:38:10Z
19037,2024-01-08T08:24:14Z
19034,2024-01-08T03:17:38Z
19025,2024-01-04T16:33:22Z
19021,2024-01-04T11:41:44Z
19019,2024-01-04T10:37:00Z
19017,2024-01-04T09:26:25Z
19013,2024-01-03T10:16:10Z
19003,2023-12-31T10:44:07Z
18995,2023-12-27T20:48:15Z
18987,2023-12-23T15:24:07Z
18984,2023-12-22T14:10:47Z
18981,2023-12-21T17:09:12Z
18973,2023-12-20T11:35:19Z
18959,2023-12-18T13:26:19Z
18958,2023-12-18T13:05:18Z
18957,2023-12-18T11:48:52Z
18955,2023-12-17T17:27:00Z
18953,2023-12-17T09:45:32Z
18949,2023-12-16T16:45:44Z
18915,2023-12-09T08:11:51Z
18905,2023-12-07T19:09:53Z
18895,2023-12-06T14:23:10Z
18893,2023-12-06T12:27:49Z
18890,2023-12-06T06:35:43Z
18887,2023-12-06T00:39:59Z
18883,2023-12-05T01:30:14Z
18875,2023-12-03T09:33:12Z
18863,2023-12-01T09:51:39Z
18845,2023-11-28T19:30:42Z
18841,2023-11-28T07:51:03Z
18839,2023-11-28T04:55:24Z
18823,2023-11-23T17:04:09Z
18811,2023-11-21T19:12:00Z
18801,2023-11-20T19:52:59Z
18798,2023-11-20T11:17:06Z
18796,2023-11-19T15:03:45Z
18769,2023-11-12T19:42:44Z
18763,2023-11-11T08:10:25Z
18754,2023-11-09T22:15:31Z
18753,2023-11-09T10:05:32Z
18730,2023-11-06T02:33:07Z
18703,2023-10-29T03:08:53Z
18698,2023-10-27T19:45:51Z
18689,2023-10-25T16:03:00Z
18685,2023-10-25T06:55:24Z
18681,2023-10-24T22:39:10Z
18669,2023-10-23T02:01:40Z
18668,2023-10-22T21:03:27Z
18667,2023-10-22T16:54:37Z
18666,2023-10-22T16:38:20Z
18653,2023-10-19T18:06:37Z
18647,2023-10-19T02:51:55Z
18642,2023-10-18T05:41:34Z
18620,2023-10-16T10:48:06Z
18613,2023-10-15T13:27:27Z
18594,2023-10-11T11:22:03Z
18593,2023-10-11T09:48:13Z
18592,2023-10-11T07:34:57Z
18577,2023-10-09T09:07:03Z
18572,2023-10-08T07:44:10Z
18567,2023-10-06T19:27:58Z
18543,2023-10-04T05:09:23Z
18541,2023-10-03T19:39:30Z
18535,2023-10-02T10:32:05Z
18520,2023-09-28T15:10:54Z
18504,2023-09-26T14:29:32Z
18398,2023-09-20T20:54:08Z
18399,2023-09-20T20:17:48Z
18400,2023-09-20T08:12:35Z
18404,2023-09-16T04:26:18Z
18408,2023-09-12T22:40:11Z
18411,2023-09-04T12:34:10Z
18415,2023-08-27T08:15:33Z
18416,2023-08-27T03:35:04Z
18417,2023-08-22T02:42:14Z
18419,2023-08-08T22:13:31Z
18422,2023-08-03T14:07:55Z
18424,2023-08-01T21:47:42Z
18427,2023-07-31T07:54:30Z
18429,2023-07-27T12:42:54Z
18430,2023-07-27T09:22:31Z
18431,2023-07-26T20:45:05Z
18432,2023-07-23T16:37:27Z
18433,2023-07-21T17:14:41Z
18434,2023-07-20T06:44:26Z
18438,2023-07-19T12:17:53Z
18439,2023-07-18T12:10:08Z
18440,2023-07-15T12:30:59Z
18441,2023-07-15T12:16:45Z
18447,2023-07-08T00:56:13Z
18449,2023-07-02T22:53:47Z
18451,2023-06-17T18:31:15Z
18454,2023-06-13T18:40:02Z
18455,2023-06-11T23:17:22Z
18456,2023-06-10T04:52:49Z
18458,2023-06-08T20:27:16Z
18459,2023-06-08T20:02:43Z
18461,2023-06-06T19:09:15Z
18462,2023-06-06T04:58:32Z
18464,2023-06-05T20:23:22Z
16444,2022-04-20T19:45:57Z
16189,2022-03-08T15:33:32Z
16013,2022-02-04T23:07:16Z
15606,2021-11-08T10:54:02Z
15248,2021-08-25T13:52:36Z
