number,createdAt
4509,2025-05-09T17:23:11Z
4501,2025-05-07T12:38:16Z
4491,2025-05-05T08:03:24Z
4476,2025-04-29T22:11:37Z
4346,2025-03-16T13:57:39Z
4330,2025-03-10T15:13:27Z
4276,2025-02-24T16:53:00Z
4250,2025-02-13T10:32:29Z
4227,2025-02-06T18:56:37Z
4204,2025-01-27T12:43:21Z
4200,2025-01-26T14:16:26Z
4188,2025-01-22T17:23:27Z
4179,2025-01-19T19:22:34Z
4150,2025-01-14T16:31:13Z
4123,2025-01-08T23:36:18Z
4069,2024-12-24T03:01:37Z
4059,2024-12-20T20:00:59Z
4041,2024-12-12T23:26:51Z
4040,2024-12-12T19:14:31Z
4036,2024-12-12T11:38:42Z
4025,2024-12-08T14:11:38Z
4022,2024-12-06T17:34:46Z
4014,2024-12-04T14:24:07Z
4006,2024-12-03T13:53:26Z
4002,2024-12-02T03:13:21Z
3994,2024-11-30T05:58:47Z
3993,2024-11-29T18:11:40Z
3978,2024-11-25T16:15:50Z
3971,2024-11-23T01:51:50Z
3969,2024-11-21T21:43:13Z
3961,2024-11-17T14:44:23Z
3945,2024-11-08T00:27:33Z
3902,2024-10-23T04:45:55Z
3886,2024-10-18T09:33:42Z
3848,2024-10-08T12:13:07Z
3821,2024-10-02T01:29:19Z
3813,2024-09-27T09:59:07Z
3802,2024-09-24T19:57:47Z
3764,2024-09-12T23:17:44Z
3759,2024-09-11T12:31:00Z
3756,2024-09-10T14:02:32Z
3754,2024-09-10T05:34:54Z
3715,2024-08-31T05:46:26Z
3701,2024-08-27T14:53:29Z
3677,2024-08-22T00:50:52Z
3662,2024-08-16T08:21:06Z
3630,2024-08-07T09:47:03Z
3614,2024-08-05T06:05:55Z
3590,2024-07-31T07:48:07Z
3583,2024-07-30T00:41:20Z
3563,2024-07-19T14:22:10Z
3557,2024-07-16T19:54:55Z
3553,2024-07-14T15:41:51Z
3543,2024-07-10T02:01:39Z
3517,2024-06-29T17:39:29Z
3490,2024-06-19T13:01:36Z
3434,2024-06-07T20:08:10Z
3430,2024-06-07T15:00:25Z
3401,2024-05-27T17:54:55Z
3382,2024-05-24T01:27:50Z
3381,2024-05-23T12:24:48Z
3355,2024-05-14T13:55:05Z
3351,2024-05-13T17:27:11Z
3315,2024-05-04T01:59:44Z
3301,2024-04-29T07:51:05Z
3295,2024-04-25T12:31:10Z
3290,2024-04-25T06:45:18Z
3285,2024-04-23T07:40:50Z
3275,2024-04-20T09:06:46Z
3246,2024-04-15T09:52:14Z
3239,2024-04-14T09:06:00Z
3227,2024-04-11T10:16:17Z
3188,2024-04-03T22:44:09Z
3177,2024-03-29T14:51:25Z
3162,2024-03-24T05:22:26Z
3155,2024-03-19T20:40:51Z
3135,2024-03-12T07:45:07Z
3126,2024-03-10T02:55:41Z
3123,2024-03-08T15:40:51Z
3118,2024-03-07T15:38:44Z
3116,2024-03-07T04:04:50Z
3108,2024-03-05T22:23:04Z
3094,2024-03-04T09:29:24Z
3088,2024-03-01T14:13:10Z
3083,2024-02-28T15:13:04Z
3075,2024-02-27T09:10:02Z
3062,2024-02-23T16:22:47Z
3060,2024-02-23T04:03:32Z
3050,2024-02-20T21:16:58Z
2938,2024-01-24T13:22:41Z
2902,2024-01-11T16:35:13Z
2887,2024-01-08T10:00:52Z
2880,2024-01-05T22:03:09Z
2826,2023-12-19T22:19:56Z
2793,2023-12-09T00:42:17Z
2784,2023-12-04T11:56:54Z
2780,2023-12-02T20:48:29Z
2766,2023-12-01T05:25:42Z
2762,2023-11-29T21:00:02Z
2760,2023-11-29T13:59:41Z
2749,2023-11-27T10:05:15Z
2733,2023-11-23T03:03:58Z
2708,2023-11-17T10:51:36Z
2698,2023-11-14T03:56:31Z
2688,2023-11-13T01:59:46Z
2670,2023-11-10T10:15:33Z
2661,2023-11-07T18:04:05Z
2636,2023-11-03T14:28:32Z
2618,2023-11-01T05:05:01Z
2609,2023-10-30T10:03:45Z
2604,2023-10-30T03:42:34Z
2603,2023-10-30T03:12:06Z
2601,2023-10-29T15:25:20Z
2585,2023-10-27T21:45:54Z
2581,2023-10-27T16:26:04Z
2579,2023-10-27T11:38:27Z
2568,2023-10-26T17:14:20Z
2564,2023-10-26T09:52:07Z
2558,2023-10-25T05:45:08Z
2556,2023-10-24T20:18:46Z
2545,2023-10-22T18:28:12Z
2535,2023-10-20T08:29:53Z
2529,2023-10-19T15:15:34Z
2526,2023-10-19T06:34:43Z
2499,2023-10-13T06:24:00Z
2480,2023-10-08T19:33:20Z
2477,2023-10-07T15:39:02Z
2473,2023-10-07T12:21:43Z
2463,2023-10-05T13:54:36Z
2449,2023-10-03T06:46:45Z
2439,2023-09-30T09:22:23Z
2432,2023-09-28T14:06:58Z
2417,2023-09-25T23:42:00Z
2396,2023-09-23T03:54:50Z
2393,2023-09-22T15:37:38Z
2384,2023-09-20T14:38:29Z
2383,2023-09-20T14:14:47Z
2378,2023-09-20T03:34:04Z
2375,2023-09-19T13:51:09Z
2352,2023-09-15T14:25:25Z
2348,2023-09-15T01:55:09Z
2326,2023-09-11T11:23:28Z
2317,2023-09-08T07:41:16Z
2314,2023-09-07T11:33:47Z
2302,2023-09-05T23:46:17Z
2289,2023-09-04T08:52:38Z
2275,2023-09-01T15:53:15Z
2260,2023-08-28T20:23:47Z
2259,2023-08-28T15:36:47Z
2257,2023-08-27T20:43:49Z
2246,2023-08-25T10:57:08Z
2186,2023-08-09T12:05:41Z
2166,2023-08-07T07:05:59Z
2133,2023-08-01T08:10:38Z
2128,2023-07-31T05:03:07Z
2103,2023-07-24T14:09:47Z
2084,2023-07-19T13:22:14Z
2066,2023-07-17T07:02:25Z
2053,2023-07-12T02:18:22Z
2043,2023-07-10T15:28:15Z
2029,2023-07-06T08:30:52Z
2018,2023-07-03T14:11:16Z
1994,2023-06-27T20:22:38Z
1993,2023-06-27T12:51:59Z
1981,2023-06-23T15:24:38Z
1958,2023-06-17T01:27:48Z
1953,2023-06-15T01:56:18Z
1941,2023-06-13T13:54:54Z
1940,2023-06-13T13:26:40Z
1919,2023-06-06T12:59:47Z
1893,2023-06-01T11:24:24Z
1884,2023-05-31T09:38:37Z
1881,2023-05-30T21:39:42Z
1853,2023-05-22T09:48:09Z
1836,2023-05-19T01:28:23Z
1819,2023-05-18T03:00:46Z
1818,2023-05-17T22:02:42Z
1817,2023-05-17T18:34:52Z
1813,2023-05-17T06:04:59Z
1812,2023-05-17T03:09:46Z
1790,2023-05-11T20:41:01Z
1762,2023-05-04T07:53:36Z
1739,2023-04-26T07:09:46Z
1720,2023-04-17T17:17:40Z
1716,2023-04-17T10:33:48Z
1706,2023-04-14T03:13:37Z
1702,2023-04-13T21:07:57Z
1697,2023-04-13T07:31:38Z
1696,2023-04-12T19:22:32Z
1680,2023-04-11T13:39:56Z
1651,2023-04-05T15:40:49Z
1650,2023-04-05T07:33:27Z
1644,2023-04-02T08:27:56Z
1570,2023-03-14T16:54:16Z
1552,2023-03-10T09:14:56Z
1550,2023-03-10T08:46:26Z
1544,2023-03-09T15:39:12Z
1513,2023-02-28T14:51:09Z
1482,2023-02-17T14:43:42Z
1477,2023-02-16T11:38:53Z
1459,2023-02-08T14:09:51Z
1441,2023-02-03T03:04:24Z
1433,2023-01-29T11:56:46Z
1403,2023-01-20T05:13:14Z
1368,2023-01-08T22:35:45Z
1319,2022-12-20T12:13:14Z
1318,2022-12-20T06:44:06Z
1296,2022-12-12T14:32:06Z
1294,2022-12-12T10:10:29Z
1293,2022-12-12T05:27:37Z
1292,2022-12-10T18:52:24Z
1290,2022-12-09T08:42:23Z
1267,2022-12-02T01:59:56Z
1244,2022-11-13T18:02:57Z
1206,2022-10-27T13:02:41Z
1195,2022-10-17T15:13:04Z
1177,2022-10-05T23:47:11Z
1176,2022-10-03T18:32:52Z
1170,2022-09-28T16:11:57Z
1156,2022-09-15T15:41:06Z
1155,2022-09-15T15:12:24Z
1153,2022-09-15T05:51:32Z
1138,2022-09-08T10:44:58Z
1133,2022-09-05T10:06:21Z
1119,2022-08-25T13:44:05Z
1118,2022-08-23T23:12:50Z
1105,2022-08-19T10:12:30Z
1103,2022-08-19T06:18:32Z
1099,2022-08-18T07:18:53Z
1094,2022-08-17T07:44:35Z
1093,2022-08-17T07:23:30Z
1085,2022-08-12T19:56:54Z
1066,2022-08-03T13:53:57Z
1061,2022-08-02T14:58:41Z
1049,2022-07-20T13:06:11Z
1048,2022-07-18T10:31:21Z
1042,2022-07-14T23:57:46Z
1029,2022-07-13T04:57:23Z
1002,2022-06-25T05:08:34Z
1000,2022-06-22T11:59:27Z
990,2022-06-14T02:49:22Z
989,2022-06-13T14:28:57Z
986,2022-06-10T04:49:50Z
984,2022-06-09T18:30:02Z
972,2022-06-06T23:27:04Z
966,2022-06-02T23:22:44Z
965,2022-06-02T14:13:47Z
949,2022-05-20T04:38:54Z
948,2022-05-20T03:03:15Z
942,2022-05-11T01:13:36Z
933,2022-04-30T19:09:39Z
932,2022-04-30T16:28:40Z
928,2022-04-25T22:50:10Z
922,2022-04-20T03:26:49Z
895,2022-03-22T09:25:36Z
866,2022-03-04T09:39:52Z
855,2022-02-26T11:08:49Z
840,2022-02-15T20:56:12Z
832,2022-02-12T12:48:32Z
820,2022-02-10T09:18:27Z
816,2022-02-04T16:30:58Z
810,2022-02-01T17:18:18Z
808,2022-02-01T03:21:04Z
792,2022-01-27T08:31:32Z
787,2022-01-25T03:33:38Z
770,2022-01-15T20:33:49Z
769,2022-01-13T04:12:40Z
749,2021-12-23T12:23:32Z
742,2021-12-21T10:52:25Z
731,2021-12-14T13:13:19Z
706,2021-11-18T16:24:27Z
702,2021-11-15T14:24:42Z
698,2021-11-13T15:15:18Z
683,2021-11-03T16:34:10Z
680,2021-11-03T09:32:28Z
664,2021-10-25T15:31:12Z
649,2021-10-14T15:58:46Z
644,2021-10-12T06:23:33Z
637,2021-10-07T07:43:48Z
622,2021-10-04T15:01:29Z
617,2021-10-04T06:51:39Z
612,2021-10-03T19:44:17Z
595,2021-09-28T14:52:02Z
590,2021-09-26T08:03:46Z
585,2021-09-24T09:31:24Z
581,2021-09-23T06:55:49Z
577,2021-09-19T11:33:31Z
558,2021-09-07T23:41:23Z
548,2021-09-02T08:32:49Z
542,2021-08-26T16:34:29Z
503,2021-08-13T16:05:03Z
495,2021-08-12T10:53:01Z
493,2021-08-09T15:27:34Z
492,2021-08-08T14:59:46Z
478,2021-07-29T08:12:44Z
466,2021-07-19T10:47:12Z
449,2021-07-05T10:31:30Z
440,2021-07-02T14:58:34Z
430,2021-06-16T20:25:14Z
423,2021-06-12T20:08:09Z
420,2021-06-11T09:34:13Z
418,2021-06-08T15:59:23Z
415,2021-06-04T16:14:05Z
413,2021-06-04T14:29:25Z
406,2021-05-30T17:01:22Z
403,2021-05-25T13:20:54Z
402,2021-05-24T23:34:45Z
399,2021-05-23T06:29:34Z
396,2021-05-21T23:32:13Z
395,2021-05-21T23:14:32Z
392,2021-05-21T10:28:32Z
386,2021-05-20T10:54:43Z
381,2021-05-18T17:18:41Z
374,2021-05-10T16:04:24Z
370,2021-05-01T00:18:50Z
368,2021-04-26T17:32:39Z
353,2021-04-14T16:56:32Z
352,2021-04-14T13:45:09Z
351,2021-04-14T13:42:15Z
350,2021-04-14T11:14:00Z
348,2021-04-12T08:24:56Z
339,2021-04-05T02:00:30Z
336,2021-04-04T02:04:23Z
335,2021-04-03T20:58:28Z
334,2021-04-03T08:10:38Z
333,2021-04-02T14:58:48Z
251,2021-03-29T05:54:25Z
250,2021-03-29T04:09:20Z
231,2021-03-09T17:07:44Z
229,2021-03-06T05:52:57Z
227,2021-03-02T13:09:13Z
223,2021-02-27T14:03:28Z
222,2021-02-27T13:42:52Z
217,2021-02-22T07:25:40Z
211,2021-02-16T06:11:31Z
206,2021-02-13T04:04:22Z
198,2021-02-03T10:10:04Z
193,2021-01-24T20:12:36Z
192,2021-01-24T13:40:31Z
176,2021-01-07T01:53:50Z
171,2020-12-29T03:43:04Z
164,2020-12-20T21:29:16Z
162,2020-12-19T12:42:32Z
160,2020-12-18T15:06:43Z
157,2020-12-16T21:18:11Z
155,2020-12-15T20:50:36Z
151,2020-12-10T17:21:57Z
150,2020-12-10T02:03:47Z
149,2020-12-09T21:19:26Z
147,2020-12-09T03:33:20Z
142,2020-12-06T19:39:34Z
136,2020-11-27T05:40:15Z
134,2020-11-26T04:11:38Z
133,2020-11-25T16:32:45Z
131,2020-11-23T08:34:11Z
130,2020-11-20T09:08:11Z
128,2020-11-18T23:27:38Z
127,2020-11-16T00:50:05Z
125,2020-11-14T17:31:11Z
124,2020-11-13T10:03:59Z
123,2020-11-12T12:43:55Z
121,2020-11-11T20:14:39Z
115,2020-11-07T06:18:18Z
114,2020-11-06T13:05:33Z
113,2020-11-05T17:36:21Z
112,2020-11-05T13:47:33Z
107,2020-11-03T14:29:06Z
103,2020-10-18T18:56:52Z
100,2020-10-09T04:28:35Z
95,2020-10-02T08:52:12Z
86,2020-09-21T20:48:13Z
85,2020-09-17T13:59:20Z
84,2020-09-16T01:27:14Z
81,2020-09-11T05:25:58Z
75,2020-09-04T03:21:40Z
74,2020-09-03T06:42:16Z
69,2020-08-29T09:47:18Z
67,2020-08-26T20:46:49Z
63,2020-08-20T06:29:37Z
60,2020-08-17T15:44:04Z
58,2020-08-14T19:16:35Z
56,2020-08-05T11:41:18Z
50,2020-08-01T08:48:32Z
49,2020-07-31T08:30:15Z
48,2020-07-29T07:35:57Z
43,2020-07-20T04:59:17Z
41,2020-07-17T08:52:27Z
40,2020-07-17T06:42:16Z
38,2020-07-16T07:36:24Z
35,2020-07-15T09:48:34Z
34,2020-07-15T02:36:37Z
33,2020-07-13T22:03:00Z
26,2020-07-04T14:59:00Z
25,2020-07-03T13:14:32Z
24,2020-07-03T09:09:00Z
22,2020-07-03T08:25:51Z
19,2020-06-29T13:27:29Z
9,2020-05-17T22:43:27Z
